client_id,client_name
1,Client_1
2,Client_2
3,Client_3
4,Client_4
5,Client_5
6,Client_6
7,Client_7
8,Client_8
9,Client_9
10,Client_10
11,Client_11
12,Client_12
13,Client_13
14,Client_14
15,Client_15
16,Client_16
17,Client_17
18,Client_18
19,Client_19
20,Client_20
21,Client_21
22,Client_22
23,Client_23
24,Client_24
25,Client_25
26,Client_26
27,Client_27
28,Client_28
29,Client_29
30,Client_30
31,Client_31
32,Client_32
33,Client_33
34,Client_34
35,Client_35
36,Client_36
37,Client_37
38,Client_38
39,Client_39
40,Client_40
41,Client_41
42,Client_42
43,Client_43
44,Client_44
45,Client_45
46,Client_46
47,Client_47
48,Client_48
49,Client_49
50,Client_50
51,Client_51
52,Client_52
53,Client_53
54,Client_54
55,Client_55
56,Client_56
57,Client_57
58,Client_58
59,Client_59
60,Client_60
61,Client_61
62,Client_62
63,Client_63
64,Client_64
65,Client_65
66,Client_66
67,Client_67
68,Client_68
69,Client_69
70,Client_70
71,Client_71
72,Client_72
73,Client_73
74,Client_74
75,Client_75
76,Client_76
77,Client_77
78,Client_78
79,Client_79
80,Client_80
81,Client_81
82,Client_82
83,Client_83
84,Client_84
85,Client_85
86,Client_86
87,Client_87
88,Client_88
89,Client_89
90,Client_90
91,Client_91
92,Client_92
93,Client_93
94,Client_94
95,Client_95
96,Client_96
97,Client_97
98,Client_98
99,Client_99
100,Client_100
101,Client_101
102,Client_102
103,Client_103
104,Client_104
105,Client_105
106,Client_106
107,Client_107
108,Client_108
109,Client_109
110,Client_110
111,Client_111
112,Client_112
113,Client_113
114,Client_114
115,Client_115
116,Client_116
117,Client_117
118,Client_118
119,Client_119
120,Client_120
121,Client_121
122,Client_122
123,Client_123
124,Client_124
125,Client_125
126,Client_126
127,Client_127
128,Client_128
129,Client_129
130,Client_130
131,Client_131
132,Client_132
133,Client_133
134,Client_134
135,Client_135
136,Client_136
137,Client_137
138,Client_138
139,Client_139
140,Client_140
141,Client_141
142,Client_142
143,Client_143
144,Client_144
145,Client_145
146,Client_146
147,Client_147
148,Client_148
149,Client_149
150,Client_150
151,Client_151
152,Client_152
153,Client_153
154,Client_154
155,Client_155
156,Client_156
157,Client_157
158,Client_158
159,Client_159
160,Client_160
161,Client_161
162,Client_162
163,Client_163
164,Client_164
165,Client_165
166,Client_166
167,Client_167
168,Client_168
169,Client_169
170,Client_170
171,Client_171
172,Client_172
173,Client_173
174,Client_174
175,Client_175
176,Client_176
177,Client_177
178,Client_178
179,Client_179
180,Client_180
181,Client_181
182,Client_182
183,Client_183
184,Client_184
185,Client_185
186,Client_186
187,Client_187
188,Client_188
189,Client_189
190,Client_190
191,Client_191
192,Client_192
193,Client_193
194,Client_194
195,Client_195
196,Client_196
197,Client_197
198,Client_198
199,Client_199
200,Client_200
201,Client_201
202,Client_202
203,Client_203
204,Client_204
205,Client_205
206,Client_206
207,Client_207
208,Client_208
209,Client_209
210,Client_210
211,Client_211
212,Client_212
213,Client_213
214,Client_214
215,Client_215
216,Client_216
217,Client_217
218,Client_218
219,Client_219
220,Client_220
221,Client_221
222,Client_222
223,Client_223
224,Client_224
225,Client_225
226,Client_226
227,Client_227
228,Client_228
229,Client_229
230,Client_230
231,Client_231
232,Client_232
233,Client_233
234,Client_234
235,Client_235
236,Client_236
237,Client_237
238,Client_238
239,Client_239
240,Client_240
241,Client_241
242,Client_242
243,Client_243
244,Client_244
245,Client_245
246,Client_246
247,Client_247
248,Client_248
249,Client_249
250,Client_250
251,Client_251
252,Client_252
253,Client_253
254,Client_254
255,Client_255
256,Client_256
257,Client_257
258,Client_258
259,Client_259
260,Client_260
261,Client_261
262,Client_262
263,Client_263
264,Client_264
265,Client_265
266,Client_266
267,Client_267
268,Client_268
269,Client_269
270,Client_270
271,Client_271
272,Client_272
273,Client_273
274,Client_274
275,Client_275
276,Client_276
277,Client_277
278,Client_278
279,Client_279
280,Client_280
281,Client_281
282,Client_282
283,Client_283
284,Client_284
285,Client_285
286,Client_286
287,Client_287
288,Client_288
289,Client_289
290,Client_290
291,Client_291
292,Client_292
293,Client_293
294,Client_294
295,Client_295
296,Client_296
297,Client_297
298,Client_298
299,Client_299
300,Client_300
301,Client_301
302,Client_302
303,Client_303
304,Client_304
305,Client_305
306,Client_306
307,Client_307
308,Client_308
309,Client_309
310,Client_310
311,Client_311
312,Client_312
313,Client_313
314,Client_314
315,Client_315
316,Client_316
317,Client_317
318,Client_318
319,Client_319
320,Client_320
321,Client_321
322,Client_322
323,Client_323
324,Client_324
325,Client_325
326,Client_326
327,Client_327
328,Client_328
329,Client_329
330,Client_330
331,Client_331
332,Client_332
333,Client_333
334,Client_334
335,Client_335
336,Client_336
337,Client_337
338,Client_338
339,Client_339
340,Client_340
341,Client_341
342,Client_342
343,Client_343
344,Client_344
345,Client_345
346,Client_346
347,Client_347
348,Client_348
349,Client_349
350,Client_350
351,Client_351
352,Client_352
353,Client_353
354,Client_354
355,Client_355
356,Client_356
357,Client_357
358,Client_358
359,Client_359
360,Client_360
361,Client_361
362,Client_362
363,Client_363
364,Client_364
365,Client_365
366,Client_366
367,Client_367
368,Client_368
369,Client_369
370,Client_370
371,Client_371
372,Client_372
373,Client_373
374,Client_374
375,Client_375
376,Client_376
377,Client_377
378,Client_378
379,Client_379
380,Client_380
381,Client_381
382,Client_382
383,Client_383
384,Client_384
385,Client_385
386,Client_386
387,Client_387
388,Client_388
389,Client_389
390,Client_390
391,Client_391
392,Client_392
393,Client_393
394,Client_394
395,Client_395
396,Client_396
397,Client_397
398,Client_398
399,Client_399
400,Client_400
401,Client_401
402,Client_402
403,Client_403
404,Client_404
405,Client_405
406,Client_406
407,Client_407
408,Client_408
409,Client_409
410,Client_410
411,Client_411
412,Client_412
413,Client_413
414,Client_414
415,Client_415
416,Client_416
417,Client_417
418,Client_418
419,Client_419
420,Client_420
421,Client_421
422,Client_422
423,Client_423
424,Client_424
425,Client_425
426,Client_426
427,Client_427
428,Client_428
429,Client_429
430,Client_430
431,Client_431
432,Client_432
433,Client_433
434,Client_434
435,Client_435
436,Client_436
437,Client_437
438,Client_438
439,Client_439
440,Client_440
441,Client_441
442,Client_442
443,Client_443
444,Client_444
445,Client_445
446,Client_446
447,Client_447
448,Client_448
449,Client_449
450,Client_450
451,Client_451
452,Client_452
453,Client_453
454,Client_454
455,Client_455
456,Client_456
457,Client_457
458,Client_458
459,Client_459
460,Client_460
461,Client_461
462,Client_462
463,Client_463
464,Client_464
465,Client_465
466,Client_466
467,Client_467
468,Client_468
469,Client_469
470,Client_470
471,Client_471
472,Client_472
473,Client_473
474,Client_474
475,Client_475
476,Client_476
477,Client_477
478,Client_478
479,Client_479
480,Client_480
481,Client_481
482,Client_482
483,Client_483
484,Client_484
485,Client_485
486,Client_486
487,Client_487
488,Client_488
489,Client_489
490,Client_490
491,Client_491
492,Client_492
493,Client_493
494,Client_494
495,Client_495
496,Client_496
497,Client_497
498,Client_498
499,Client_499
500,Client_500
501,Client_501
502,Client_502
503,Client_503
504,Client_504
505,Client_505
506,Client_506
507,Client_507
508,Client_508
509,Client_509
510,Client_510
511,Client_511
512,Client_512
513,Client_513
514,Client_514
515,Client_515
516,Client_516
517,Client_517
518,Client_518
519,Client_519
520,Client_520
521,Client_521
522,Client_522
523,Client_523
524,Client_524
525,Client_525
526,Client_526
527,Client_527
528,Client_528
529,Client_529
530,Client_530
531,Client_531
532,Client_532
533,Client_533
534,Client_534
535,Client_535
536,Client_536
537,Client_537
538,Client_538
539,Client_539
540,Client_540
541,Client_541
542,Client_542
543,Client_543
544,Client_544
545,Client_545
546,Client_546
547,Client_547
548,Client_548
549,Client_549
550,Client_550
551,Client_551
552,Client_552
553,Client_553
554,Client_554
555,Client_555
556,Client_556
557,Client_557
558,Client_558
559,Client_559
560,Client_560
561,Client_561
562,Client_562
563,Client_563
564,Client_564
565,Client_565
566,Client_566
567,Client_567
568,Client_568
569,Client_569
570,Client_570
571,Client_571
572,Client_572
573,Client_573
574,Client_574
575,Client_575
576,Client_576
577,Client_577
578,Client_578
579,Client_579
580,Client_580
581,Client_581
582,Client_582
583,Client_583
584,Client_584
585,Client_585
586,Client_586
587,Client_587
588,Client_588
589,Client_589
590,Client_590
591,Client_591
592,Client_592
593,Client_593
594,Client_594
595,Client_595
596,Client_596
597,Client_597
598,Client_598
599,Client_599
600,Client_600
601,Client_601
602,Client_602
603,Client_603
604,Client_604
605,Client_605
606,Client_606
607,Client_607
608,Client_608
609,Client_609
610,Client_610
611,Client_611
612,Client_612
613,Client_613
614,Client_614
615,Client_615
616,Client_616
617,Client_617
618,Client_618
619,Client_619
620,Client_620
621,Client_621
622,Client_622
623,Client_623
624,Client_624
625,Client_625
626,Client_626
627,Client_627
628,Client_628
629,Client_629
630,Client_630
631,Client_631
632,Client_632
633,Client_633
634,Client_634
635,Client_635
636,Client_636
637,Client_637
638,Client_638
639,Client_639
640,Client_640
641,Client_641
642,Client_642
643,Client_643
644,Client_644
645,Client_645
646,Client_646
647,Client_647
648,Client_648
649,Client_649
650,Client_650
651,Client_651
652,Client_652
653,Client_653
654,Client_654
655,Client_655
656,Client_656
657,Client_657
658,Client_658
659,Client_659
660,Client_660
661,Client_661
662,Client_662
663,Client_663
664,Client_664
665,Client_665
666,Client_666
667,Client_667
668,Client_668
669,Client_669
670,Client_670
671,Client_671
672,Client_672
673,Client_673
674,Client_674
675,Client_675
676,Client_676
677,Client_677
678,Client_678
679,Client_679
680,Client_680
681,Client_681
682,Client_682
683,Client_683
684,Client_684
685,Client_685
686,Client_686
687,Client_687
688,Client_688
689,Client_689
690,Client_690
691,Client_691
692,Client_692
693,Client_693
694,Client_694
695,Client_695
696,Client_696
697,Client_697
698,Client_698
699,Client_699
700,Client_700
701,Client_701
702,Client_702
703,Client_703
704,Client_704
705,Client_705
706,Client_706
707,Client_707
708,Client_708
709,Client_709
710,Client_710
711,Client_711
712,Client_712
713,Client_713
714,Client_714
715,Client_715
716,Client_716
717,Client_717
718,Client_718
719,Client_719
720,Client_720
721,Client_721
722,Client_722
723,Client_723
724,Client_724
725,Client_725
726,Client_726
727,Client_727
728,Client_728
729,Client_729
730,Client_730
731,Client_731
732,Client_732
733,Client_733
734,Client_734
735,Client_735
736,Client_736
737,Client_737
738,Client_738
739,Client_739
740,Client_740
741,Client_741
742,Client_742
743,Client_743
744,Client_744
745,Client_745
746,Client_746
747,Client_747
748,Client_748
749,Client_749
750,Client_750
751,Client_751
752,Client_752
753,Client_753
754,Client_754
755,Client_755
756,Client_756
757,Client_757
758,Client_758
759,Client_759
760,Client_760
761,Client_761
762,Client_762
763,Client_763
764,Client_764
765,Client_765
766,Client_766
767,Client_767
768,Client_768
769,Client_769
770,Client_770
771,Client_771
772,Client_772
773,Client_773
774,Client_774
775,Client_775
776,Client_776
777,Client_777
778,Client_778
779,Client_779
780,Client_780
781,Client_781
782,Client_782
783,Client_783
784,Client_784
785,Client_785
786,Client_786
787,Client_787
788,Client_788
789,Client_789
790,Client_790
791,Client_791
792,Client_792
793,Client_793
794,Client_794
795,Client_795
796,Client_796
797,Client_797
798,Client_798
799,Client_799
800,Client_800
801,Client_801
802,Client_802
803,Client_803
804,Client_804
805,Client_805
806,Client_806
807,Client_807
808,Client_808
809,Client_809
810,Client_810
811,Client_811
812,Client_812
813,Client_813
814,Client_814
815,Client_815
816,Client_816
817,Client_817
818,Client_818
819,Client_819
820,Client_820
821,Client_821
822,Client_822
823,Client_823
824,Client_824
825,Client_825
826,Client_826
827,Client_827
828,Client_828
829,Client_829
830,Client_830
831,Client_831
832,Client_832
833,Client_833
834,Client_834
835,Client_835
836,Client_836
837,Client_837
838,Client_838
839,Client_839
840,Client_840
841,Client_841
842,Client_842
843,Client_843
844,Client_844
845,Client_845
846,Client_846
847,Client_847
848,Client_848
849,Client_849
850,Client_850
851,Client_851
852,Client_852
853,Client_853
854,Client_854
855,Client_855
856,Client_856
857,Client_857
858,Client_858
859,Client_859
860,Client_860
861,Client_861
862,Client_862
863,Client_863
864,Client_864
865,Client_865
866,Client_866
867,Client_867
868,Client_868
869,Client_869
870,Client_870
871,Client_871
872,Client_872
873,Client_873
874,Client_874
875,Client_875
876,Client_876
877,Client_877
878,Client_878
879,Client_879
880,Client_880
881,Client_881
882,Client_882
883,Client_883
884,Client_884
885,Client_885
886,Client_886
887,Client_887
888,Client_888
889,Client_889
890,Client_890
891,Client_891
892,Client_892
893,Client_893
894,Client_894
895,Client_895
896,Client_896
897,Client_897
898,Client_898
899,Client_899
900,Client_900
901,Client_901
902,Client_902
903,Client_903
904,Client_904
905,Client_905
906,Client_906
907,Client_907
908,Client_908
909,Client_909
910,Client_910
911,Client_911
912,Client_912
913,Client_913
914,Client_914
915,Client_915
916,Client_916
917,Client_917
918,Client_918
919,Client_919
920,Client_920
921,Client_921
922,Client_922
923,Client_923
924,Client_924
925,Client_925
926,Client_926
927,Client_927
928,Client_928
929,Client_929
930,Client_930
931,Client_931
932,Client_932
933,Client_933
934,Client_934
935,Client_935
936,Client_936
937,Client_937
938,Client_938
939,Client_939
940,Client_940
941,Client_941
942,Client_942
943,Client_943
944,Client_944
945,Client_945
946,Client_946
947,Client_947
948,Client_948
949,Client_949
950,Client_950
951,Client_951
952,Client_952
953,Client_953
954,Client_954
955,Client_955
956,Client_956
957,Client_957
958,Client_958
959,Client_959
960,Client_960
961,Client_961
962,Client_962
963,Client_963
964,Client_964
965,Client_965
966,Client_966
967,Client_967
968,Client_968
969,Client_969
970,Client_970
971,Client_971
972,Client_972
973,Client_973
974,Client_974
975,Client_975
976,Client_976
977,Client_977
978,Client_978
979,Client_979
980,Client_980
981,Client_981
982,Client_982
983,Client_983
984,Client_984
985,Client_985
986,Client_986
987,Client_987
988,Client_988
989,Client_989
990,Client_990
991,Client_991
992,Client_992
993,Client_993
994,Client_994
995,Client_995
996,Client_996
997,Client_997
998,Client_998
999,Client_999
1000,Client_1000
